PRAGMA foreign_keys=OFF;
BEGIN TRANSACTION;
CREATE TABLE Modules (
code VARCHAR (10) PRIMARY KEY,
name VARCHAR (50) NOT NULL);
INSERT INTO Modules VALUES('BIO020B101','Biochemistry');
INSERT INTO Modules VALUES('BIO020B102','Computational Biology');
INSERT INTO Modules VALUES('BIO020B103','Human Pathology');
INSERT INTO Modules VALUES('BIO020B104','Clinical Methods');
INSERT INTO Modules VALUES('BIO020B105','Biology');
INSERT INTO Modules VALUES('BIO020B106','Physiology');
CREATE TABLE Programmes (
id VARCHAR (8) PRIMARY KEY,
name VARCHAR (50));
INSERT INTO Programmes VALUES('09UU0001','BSc Biomedical Sciences');
INSERT INTO Programmes VALUES('09UU0002','BEng Biomedical Engineering');
INSERT INTO Programmes VALUES('09UU0003','BSc Biosciences');
CREATE TABLE Programme_Modules (
programme VARCHAR (8) NOT NULL,
module VARCHAR (10) NOT NULL,
FOREIGN KEY (programme) REFERENCES Programmes (id),
FOREIGN KEY (module) REFERENCES Modules (code));
INSERT INTO Programme_Modules VALUES('09UU0001','BIO020B101');
INSERT INTO Programme_Modules VALUES('09UU0001','BIO020B102');
INSERT INTO Programme_Modules VALUES('09UU0001','BIO020B103');
INSERT INTO Programme_Modules VALUES('09UU0001','BIO020B104');
INSERT INTO Programme_Modules VALUES('09UU0001','BIO020B105');
INSERT INTO Programme_Modules VALUES('09UU0001','BIO020B106');
INSERT INTO Programme_Modules VALUES('09UU0002','BIO020B101');
INSERT INTO Programme_Modules VALUES('09UU0002','BIO020B102');
INSERT INTO Programme_Modules VALUES('09UU0002','BIO020B103');
INSERT INTO Programme_Modules VALUES('09UU0002','BIO020B106');
INSERT INTO Programme_Modules VALUES('09UU0003','BIO020B105');
INSERT INTO Programme_Modules VALUES('09UU0003','BIO020B106');
CREATE TABLE Student (
id VARCHAR (8) PRIMARY KEY,
name VARCHAR (50) NOT NULL);
INSERT INTO Student VALUES(100,'Danny Bane');
INSERT INTO Student VALUES(200,'Sally Meek');
INSERT INTO Student VALUES(300,'Benny Beep');
INSERT INTO Student VALUES(400,'Tammy Tibbs');
INSERT INTO Student VALUES(500,'Kevin Keeps');
CREATE TABLE Student_programme (
student VARCHAR (8) NOT NULL,
programme VARCHAR (8) NOT NULL,
FOREIGN KEY (student) REFERENCES Student (id),
FOREIGN KEY (programme) REFERENCES Programmes (id));
INSERT INTO Student_programme VALUES('STU001','09UU0001');
INSERT INTO Student_programme VALUES('STU002','09UU0001');
INSERT INTO Student_programme VALUES('STU003','09UU0003');
INSERT INTO Student_programme VALUES('STU004','09UU0002');
INSERT INTO Student_programme VALUES('STU005','09UU0002');
COMMIT;
